
1727649566,Pokemon Cards!,$35,Binder portfolio filled with Pokemon cards! Great for collectors!,https://media.kijiji.ca/api/v1/ca-prod-fsbo-ads/images/ed/ed43bba1-a412-46dc-b1d4-6de115636214?rule=kijijica-640-webp ,https://www.kijiji.ca/v-toys-games/city-of-toronto/pokemon-cards/1727649566
1727655338,Pokémon cards,$10,A stack of Pokémon cards. No idea what's in the pile. Found them in the basement,https://media.kijiji.ca/api/v1/ca-prod-fsbo-ads/images/76/76299b1d-d440-4c13-ba51-845c7db032da?rule=kijijica-640-webp ,https://www.kijiji.ca/v-toys-games/city-of-toronto/pokemon-cards/1727655338
1727549409,Pokemon cards,N/A,Negotiable Please let me know which and what offer Scarborough area Whiling to ship,https://media.kijiji.ca/api/v1/ca-prod-fsbo-ads/images/10/10123d3b-1439-40f1-881b-c4e0d8e492c4?rule=kijijica-640-webp ,https://www.kijiji.ca/v-art-collectibles/city-of-toronto/pokemon-cards/1727549409
1727487471,Pokemon cards,N/A,Offer up price depends on card,https://media.kijiji.ca/api/v1/ca-prod-fsbo-ads/images/59/59fe7bf3-78a3-445d-ba54-fc877ad965aa?rule=kijijica-640-webp ,https://www.kijiji.ca/v-toys-games/city-of-toronto/pokemon-cards/1727487471
1727664521,Pokemon Eevee Cards,$5,"Take all 6 cards for $5. A variety of Eevee and Eeveelution cards, in English, Japanese and Korean. All cards are in near-mint condition.",https://media.kijiji.ca/api/v1/ca-prod-fsbo-ads/images/ed/ed95ec6a-f661-46a9-a555-d2a0179baf98?rule=kijijica-640-webp ,https://www.kijiji.ca/v-toys-games/city-of-toronto/pokemon-eevee-cards/1727664521
1715585081,Pokemon Card Binder,$5,"This is a used Pokémon trading card binder, perfect for storing your treasured collection and showcasing your favourite cards. It has some signs of wear, but plenty of life left to keep your cards safe! Picture this: your cards nestled safely in this binder, ready for trading or battling at a moment's notice. Why let them gather dust when they could be part of thrilling adventures? Remember, if the ad's still up, the binder's still available!",https://media.kijiji.ca/api/v1/ca-prod-fsbo-ads/images/06/06731b89-09c7-4a70-b45b-9b87c22b49c9?rule=kijijica-640-webp ,https://www.kijiji.ca/v-toys-games/city-of-toronto/pokemon-card-binder/1715585081
1727664021,Japanese Pokemon Cards,N/A,"Over 100 cards, including many rare holos from a variety of sets. All cards are in near-mint condition. Take all cards for $25, or: - $0.50 for any card in the first picture - $0.25 for any card in the second picture",https://media.kijiji.ca/api/v1/ca-prod-fsbo-ads/images/12/12c657b3-82ae-49d2-a8c5-a0ea6f3768dd?rule=kijijica-640-webp ,https://www.kijiji.ca/v-toys-games/city-of-toronto/japanese-pokemon-cards/1727664021
1727655606,Bulk Pokemon Cards,$25,"Selling a bunch of bulk cards from various collections and sets ranging from sword and shield, scarlet & violet, etc... I’ve completed the sets already and have no use for the extra cards. The bulk consists of ONLY commons / uncommons / rares. All the cards will be NM-M condition. The cards are unorganized so there will be a mix of everything from various sets as I don’t have the time to sort it. Looking to sell each ETB for $25 which consists about 500 non holo cards - common / uncommon / rares ($0.05) per card. I have thousands of bulk cards available. I also have ETBs of holos / reverse holos at $0.25 per card. Send me a message if you’re interested in those. Pickup and Meetups available in Vaughan, North York, or Markham.",https://media.kijiji.ca/api/v1/ca-prod-fsbo-ads/images/cd/cdbbbb8a-5fd6-431d-a777-f154203cf77b?rule=kijijica-640-webp ,https://www.kijiji.ca/v-toys-games/city-of-toronto/bulk-pokemon-cards/1727655606
1715582529,Pikachu Pokemon Card,$10,"Own a piece of Pokémon history with this Pikachu World Championship promo card! This card features unique artwork and is a must-have for any serious collector. The card is in great condition, safely stored and ready to be shipped to its new home. * Card Name: Pikachu * Set: World Championship * HP: 70 * Attack 1: Scrappy Spark (30+ damage) Based on similar listings on Kijiji, this card is priced to sell, offering great value for its condition and rarity. Don't miss out on adding this electrifying card to your collection! Act fast, because just like a well-trained Pikachu, this deal won't stay in one place for long. If the ad is up, the card is available, ready to spark joy in your collection!",https://media.kijiji.ca/api/v1/ca-prod-fsbo-ads/images/49/4913c919-c52f-420f-9a50-50c334ae435f?rule=kijijica-640-webp ,https://www.kijiji.ca/v-toys-games/city-of-toronto/pikachu-pokemon-card/1715582529
1715092690,Pokemon Cards Calender,$1,"Selling Pokemon Cards from the Calendar Set. Cards vary from LP to MP condition. Looking for best offer! Also have a bunch of singles in various conditions for sale from HP-NM. Take a look and let me know what you want! https://app.getcollectr.com/showcase/profile/71cb4ec0-bfb1-4f32-b2cf-95cf9009f0dd Meetups in Thornhill, North York or Markham.",https://media.kijiji.ca/api/v1/ca-prod-fsbo-ads/images/79/796017d5-6520-4c2f-9021-a2b93278ea4a?rule=kijijica-640-webp ,https://www.kijiji.ca/v-art-collectibles/city-of-toronto/pokemon-cards-calender/1715092690
1727649566,Pokemon Cards!,$35,Binder portfolio filled with Pokemon cards! Great for collectors!,https://media.kijiji.ca/api/v1/ca-prod-fsbo-ads/images/ed/ed43bba1-a412-46dc-b1d4-6de115636214?rule=kijijica-640-webp ,https://www.kijiji.ca/v-toys-games/city-of-toronto/pokemon-cards/1727649566
1727655338,Pokémon cards,$10,A stack of Pokémon cards. No idea what's in the pile. Found them in the basement,https://media.kijiji.ca/api/v1/ca-prod-fsbo-ads/images/76/76299b1d-d440-4c13-ba51-845c7db032da?rule=kijijica-640-webp ,https://www.kijiji.ca/v-toys-games/city-of-toronto/pokemon-cards/1727655338
1727649566,Pokemon Cards!,$35,Binder portfolio filled with Pokemon cards! Great for collectors!,https://media.kijiji.ca/api/v1/ca-prod-fsbo-ads/images/ed/ed43bba1-a412-46dc-b1d4-6de115636214?rule=kijijica-640-webp,https://www.kijiji.ca/v-toys-games/city-of-toronto/pokemon-cards/1727649566
1727649566,Pokemon Cards!,$35,Binder portfolio filled with Pokemon cards! Great for collectors!,https://media.kijiji.ca/api/v1/ca-prod-fsbo-ads/images/ed/ed43bba1-a412-46dc-b1d4-6de115636214?rule=kijijica-640-webp,https://www.kijiji.ca/v-toys-games/city-of-toronto/pokemon-cards/1727649566
1727649566,Pokemon Cards!,$35,Binder portfolio filled with Pokemon cards! Great for collectors!,https://media.kijiji.ca/api/v1/ca-prod-fsbo-ads/images/ed/ed43bba1-a412-46dc-b1d4-6de115636214?rule=kijijica-640-webp ,https://www.kijiji.ca/v-toys-games/city-of-toronto/pokemon-cards/1727649566
1727655338,Pokémon cards,$10,A stack of Pokémon cards. No idea what's in the pile. Found them in the basement,https://media.kijiji.ca/api/v1/ca-prod-fsbo-ads/images/76/76299b1d-d440-4c13-ba51-845c7db032da?rule=kijijica-640-webp ,https://www.kijiji.ca/v-toys-games/city-of-toronto/pokemon-cards/1727655338
1727549409,Pokemon cards,N/A,Negotiable Please let me know which and what offer Scarborough area Whiling to ship,https://media.kijiji.ca/api/v1/ca-prod-fsbo-ads/images/10/10123d3b-1439-40f1-881b-c4e0d8e492c4?rule=kijijica-640-webp ,https://www.kijiji.ca/v-art-collectibles/city-of-toronto/pokemon-cards/1727549409
1727487471,Pokemon cards,N/A,Offer up price depends on card,https://media.kijiji.ca/api/v1/ca-prod-fsbo-ads/images/59/59fe7bf3-78a3-445d-ba54-fc877ad965aa?rule=kijijica-640-webp ,https://www.kijiji.ca/v-toys-games/city-of-toronto/pokemon-cards/1727487471
1727664521,Pokemon Eevee Cards,$5,"Take all 6 cards for $5. A variety of Eevee and Eeveelution cards, in English, Japanese and Korean. All cards are in near-mint condition.",https://media.kijiji.ca/api/v1/ca-prod-fsbo-ads/images/ed/ed95ec6a-f661-46a9-a555-d2a0179baf98?rule=kijijica-640-webp ,https://www.kijiji.ca/v-toys-games/city-of-toronto/pokemon-eevee-cards/1727664521
1715585081,Pokemon Card Binder,$5,"This is a used Pokémon trading card binder, perfect for storing your treasured collection and showcasing your favourite cards. It has some signs of wear, but plenty of life left to keep your cards safe! Picture this: your cards nestled safely in this binder, ready for trading or battling at a moment's notice. Why let them gather dust when they could be part of thrilling adventures? Remember, if the ad's still up, the binder's still available!",https://media.kijiji.ca/api/v1/ca-prod-fsbo-ads/images/06/06731b89-09c7-4a70-b45b-9b87c22b49c9?rule=kijijica-640-webp ,https://www.kijiji.ca/v-toys-games/city-of-toronto/pokemon-card-binder/1715585081
1727664021,Japanese Pokemon Cards,N/A,"Over 100 cards, including many rare holos from a variety of sets. All cards are in near-mint condition. Take all cards for $25, or: - $0.50 for any card in the first picture - $0.25 for any card in the second picture",https://media.kijiji.ca/api/v1/ca-prod-fsbo-ads/images/12/12c657b3-82ae-49d2-a8c5-a0ea6f3768dd?rule=kijijica-640-webp ,https://www.kijiji.ca/v-toys-games/city-of-toronto/japanese-pokemon-cards/1727664021
1727649566,Pokemon Cards!,$35,Binder portfolio filled with Pokemon cards! Great for collectors!,https://media.kijiji.ca/api/v1/ca-prod-fsbo-ads/images/ed/ed43bba1-a412-46dc-b1d4-6de115636214?rule=kijijica-640-webp,https://www.kijiji.ca/v-toys-games/city-of-toronto/pokemon-cards/1727649566
1727649566,Pokemon Cards!,$35,Binder portfolio filled with Pokemon cards! Great for collectors!,https://media.kijiji.ca/api/v1/ca-prod-fsbo-ads/images/ed/ed43bba1-a412-46dc-b1d4-6de115636214?rule=kijijica-640-webp ,https://www.kijiji.ca/v-toys-games/city-of-toronto/pokemon-cards/1727649566
1727649566,Pokemon Cards!,$35,Binder portfolio filled with Pokemon cards! Great for collectors!,https://media.kijiji.ca/api/v1/ca-prod-fsbo-ads/images/ed/ed43bba1-a412-46dc-b1d4-6de115636214?rule=kijijica-640-webp ,https://www.kijiji.ca/v-toys-games/city-of-toronto/pokemon-cards/1727649566
1727649566,Pokemon Cards!,$35,Binder portfolio filled with Pokemon cards! Great for collectors!,https://media.kijiji.ca/api/v1/ca-prod-fsbo-ads/images/ed/ed43bba1-a412-46dc-b1d4-6de115636214?rule=kijijica-640-webp ,https://www.kijiji.ca/v-toys-games/city-of-toronto/pokemon-cards/1727649566
1727655338,Pokémon cards,$10,A stack of Pokémon cards. No idea what's in the pile. Found them in the basement,https://media.kijiji.ca/api/v1/ca-prod-fsbo-ads/images/76/76299b1d-d440-4c13-ba51-845c7db032da?rule=kijijica-640-webp ,https://www.kijiji.ca/v-toys-games/city-of-toronto/pokemon-cards/1727655338
1727549409,Pokemon cards,N/A,Negotiable Please let me know which and what offer Scarborough area Whiling to ship,https://media.kijiji.ca/api/v1/ca-prod-fsbo-ads/images/10/10123d3b-1439-40f1-881b-c4e0d8e492c4?rule=kijijica-640-webp ,https://www.kijiji.ca/v-art-collectibles/city-of-toronto/pokemon-cards/1727549409
1727487471,Pokemon cards,N/A,Offer up price depends on card,https://media.kijiji.ca/api/v1/ca-prod-fsbo-ads/images/59/59fe7bf3-78a3-445d-ba54-fc877ad965aa?rule=kijijica-640-webp ,https://www.kijiji.ca/v-toys-games/city-of-toronto/pokemon-cards/1727487471
1727664521,Pokemon Eevee Cards,$5,"Take all 6 cards for $5. A variety of Eevee and Eeveelution cards, in English, Japanese and Korean. All cards are in near-mint condition.",https://media.kijiji.ca/api/v1/ca-prod-fsbo-ads/images/ed/ed95ec6a-f661-46a9-a555-d2a0179baf98?rule=kijijica-640-webp ,https://www.kijiji.ca/v-toys-games/city-of-toronto/pokemon-eevee-cards/1727664521
1727664021,Japanese Pokemon Cards,N/A,"Over 100 cards, including many rare holos from a variety of sets. All cards are in near-mint condition. Take all cards for $25, or: - $0.50 for any card in the first picture - $0.25 for any card in the second picture",https://media.kijiji.ca/api/v1/ca-prod-fsbo-ads/images/12/12c657b3-82ae-49d2-a8c5-a0ea6f3768dd?rule=kijijica-640-webp ,https://www.kijiji.ca/v-toys-games/city-of-toronto/japanese-pokemon-cards/1727664021
1715585081,Pokemon Card Binder,$5,"This is a used Pokémon trading card binder, perfect for storing your treasured collection and showcasing your favourite cards. It has some signs of wear, but plenty of life left to keep your cards safe! Picture this: your cards nestled safely in this binder, ready for trading or battling at a moment's notice. Why let them gather dust when they could be part of thrilling adventures? Remember, if the ad's still up, the binder's still available!",https://media.kijiji.ca/api/v1/ca-prod-fsbo-ads/images/06/06731b89-09c7-4a70-b45b-9b87c22b49c9?rule=kijijica-640-webp ,https://www.kijiji.ca/v-toys-games/city-of-toronto/pokemon-card-binder/1715585081
1727655606,Bulk Pokemon Cards,$25,"Selling a bunch of bulk cards from various collections and sets ranging from sword and shield, scarlet & violet, etc... I’ve completed the sets already and have no use for the extra cards. The bulk consists of ONLY commons / uncommons / rares. All the cards will be NM-M condition. The cards are unorganized so there will be a mix of everything from various sets as I don’t have the time to sort it. Looking to sell each ETB for $25 which consists about 500 non holo cards - common / uncommon / rares ($0.05) per card. I have thousands of bulk cards available. I also have ETBs of holos / reverse holos at $0.25 per card. Send me a message if you’re interested in those. Pickup and Meetups available in Vaughan, North York, or Markham.",https://media.kijiji.ca/api/v1/ca-prod-fsbo-ads/images/cd/cdbbbb8a-5fd6-431d-a777-f154203cf77b?rule=kijijica-640-webp ,https://www.kijiji.ca/v-toys-games/city-of-toronto/bulk-pokemon-cards/1727655606
1715582529,Pikachu Pokemon Card,$10,"Own a piece of Pokémon history with this Pikachu World Championship promo card! This card features unique artwork and is a must-have for any serious collector. The card is in great condition, safely stored and ready to be shipped to its new home. * Card Name: Pikachu * Set: World Championship * HP: 70 * Attack 1: Scrappy Spark (30+ damage) Based on similar listings on Kijiji, this card is priced to sell, offering great value for its condition and rarity. Don't miss out on adding this electrifying card to your collection! Act fast, because just like a well-trained Pikachu, this deal won't stay in one place for long. If the ad is up, the card is available, ready to spark joy in your collection!",https://media.kijiji.ca/api/v1/ca-prod-fsbo-ads/images/49/4913c919-c52f-420f-9a50-50c334ae435f?rule=kijijica-640-webp ,https://www.kijiji.ca/v-toys-games/city-of-toronto/pikachu-pokemon-card/1715582529
1715092690,Pokemon Cards Calender,$1,"Selling Pokemon Cards from the Calendar Set. Cards vary from LP to MP condition. Looking for best offer! Also have a bunch of singles in various conditions for sale from HP-NM. Take a look and let me know what you want! https://app.getcollectr.com/showcase/profile/71cb4ec0-bfb1-4f32-b2cf-95cf9009f0dd Meetups in Thornhill, North York or Markham.",https://media.kijiji.ca/api/v1/ca-prod-fsbo-ads/images/79/796017d5-6520-4c2f-9021-a2b93278ea4a?rule=kijijica-640-webp ,https://www.kijiji.ca/v-art-collectibles/city-of-toronto/pokemon-cards-calender/1715092690
